-- MySQL dump 10.13  Distrib 8.0.19, for Win64 (x86_64)
--
-- Host: localhost    Database: travel_db
-- ------------------------------------------------------
-- Server version	8.0.41

/*!40101 SET @OLD_CHARACTER_SET_CLIENT=@@CHARACTER_SET_CLIENT */;
/*!40101 SET @OLD_CHARACTER_SET_RESULTS=@@CHARACTER_SET_RESULTS */;
/*!40101 SET @OLD_COLLATION_CONNECTION=@@COLLATION_CONNECTION */;
/*!50503 SET NAMES utf8mb4 */;
/*!40103 SET @OLD_TIME_ZONE=@@TIME_ZONE */;
/*!40103 SET TIME_ZONE='+00:00' */;
/*!40014 SET @OLD_UNIQUE_CHECKS=@@UNIQUE_CHECKS, UNIQUE_CHECKS=0 */;
/*!40014 SET @OLD_FOREIGN_KEY_CHECKS=@@FOREIGN_KEY_CHECKS, FOREIGN_KEY_CHECKS=0 */;
/*!40101 SET @OLD_SQL_MODE=@@SQL_MODE, SQL_MODE='NO_AUTO_VALUE_ON_ZERO' */;
/*!40111 SET @OLD_SQL_NOTES=@@SQL_NOTES, SQL_NOTES=0 */;

--
-- Table structure for table `board`
--

DROP TABLE IF EXISTS `board`;
/*!40101 SET @saved_cs_client     = @@character_set_client */;
/*!50503 SET character_set_client = utf8mb4 */;
CREATE TABLE `board` (
  `board_id` int NOT NULL AUTO_INCREMENT,
  `board_name` varchar(255) NOT NULL,
  PRIMARY KEY (`board_id`),
  UNIQUE KEY `board_name` (`board_name`),
  UNIQUE KEY `board_name_2` (`board_name`)
) ENGINE=InnoDB AUTO_INCREMENT=5 DEFAULT CHARSET=utf8mb4 COLLATE=utf8mb4_0900_ai_ci;
/*!40101 SET character_set_client = @saved_cs_client */;

--
-- Dumping data for table `board`
--

LOCK TABLES `board` WRITE;
/*!40000 ALTER TABLE `board` DISABLE KEYS */;
INSERT INTO `board` VALUES (4,'📌 공지사항'),(2,'여행 후기'),(1,'자유 게시판'),(3,'질문과 답변');
/*!40000 ALTER TABLE `board` ENABLE KEYS */;
UNLOCK TABLES;

--
-- Table structure for table `chatroom`
--

DROP TABLE IF EXISTS `chatroom`;
/*!40101 SET @saved_cs_client     = @@character_set_client */;
/*!50503 SET character_set_client = utf8mb4 */;
CREATE TABLE `chatroom` (
  `room_id` int NOT NULL AUTO_INCREMENT,
  `room_name` varchar(255) NOT NULL,
  `creator_id` int DEFAULT NULL,
  `created_at` datetime DEFAULT NULL,
  PRIMARY KEY (`room_id`)
) ENGINE=InnoDB AUTO_INCREMENT=4 DEFAULT CHARSET=utf8mb4 COLLATE=utf8mb4_0900_ai_ci;
/*!40101 SET character_set_client = @saved_cs_client */;

--
-- Dumping data for table `chatroom`
--

LOCK TABLES `chatroom` WRITE;
/*!40000 ALTER TABLE `chatroom` DISABLE KEYS */;
INSERT INTO `chatroom` VALUES (1,'12312',1,'2025-11-29 11:22:09'),(2,'11',2,'2025-11-30 06:34:29'),(3,'22',2,'2025-11-30 07:29:46');
/*!40000 ALTER TABLE `chatroom` ENABLE KEYS */;
UNLOCK TABLES;

--
-- Table structure for table `chatroommember`
--

DROP TABLE IF EXISTS `chatroommember`;
/*!40101 SET @saved_cs_client     = @@character_set_client */;
/*!50503 SET character_set_client = utf8mb4 */;
CREATE TABLE `chatroommember` (
  `room_id` int NOT NULL,
  `user_id` int NOT NULL,
  PRIMARY KEY (`room_id`,`user_id`),
  UNIQUE KEY `chatroommember_user_id_room_id_unique` (`room_id`,`user_id`),
  UNIQUE KEY `chatroommember_room_id_user_id` (`room_id`,`user_id`),
  KEY `user_id` (`user_id`),
  CONSTRAINT `chatroommember_ibfk_1` FOREIGN KEY (`room_id`) REFERENCES `chatroom` (`room_id`) ON DELETE CASCADE ON UPDATE CASCADE,
  CONSTRAINT `chatroommember_ibfk_2` FOREIGN KEY (`user_id`) REFERENCES `user` (`user_id`) ON DELETE CASCADE ON UPDATE CASCADE
) ENGINE=InnoDB DEFAULT CHARSET=utf8mb4 COLLATE=utf8mb4_0900_ai_ci;
/*!40101 SET character_set_client = @saved_cs_client */;

--
-- Dumping data for table `chatroommember`
--

LOCK TABLES `chatroommember` WRITE;
/*!40000 ALTER TABLE `chatroommember` DISABLE KEYS */;
INSERT INTO `chatroommember` VALUES (1,1),(2,1),(3,1),(1,2),(2,2),(3,2);
/*!40000 ALTER TABLE `chatroommember` ENABLE KEYS */;
UNLOCK TABLES;

--
-- Table structure for table `comment`
--

DROP TABLE IF EXISTS `comment`;
/*!40101 SET @saved_cs_client     = @@character_set_client */;
/*!50503 SET character_set_client = utf8mb4 */;
CREATE TABLE `comment` (
  `comment_id` int NOT NULL AUTO_INCREMENT,
  `content` text NOT NULL,
  `created_at` datetime DEFAULT NULL,
  `user_id` int DEFAULT NULL,
  `post_id` int DEFAULT NULL,
  PRIMARY KEY (`comment_id`),
  KEY `user_id` (`user_id`),
  KEY `post_id` (`post_id`),
  CONSTRAINT `comment_ibfk_47` FOREIGN KEY (`user_id`) REFERENCES `user` (`user_id`) ON DELETE CASCADE ON UPDATE CASCADE,
  CONSTRAINT `comment_ibfk_48` FOREIGN KEY (`post_id`) REFERENCES `post` (`post_id`) ON DELETE CASCADE ON UPDATE CASCADE
) ENGINE=InnoDB AUTO_INCREMENT=5 DEFAULT CHARSET=utf8mb4 COLLATE=utf8mb4_0900_ai_ci;
/*!40101 SET character_set_client = @saved_cs_client */;

--
-- Dumping data for table `comment`
--

LOCK TABLES `comment` WRITE;
/*!40000 ALTER TABLE `comment` DISABLE KEYS */;
INSERT INTO `comment` VALUES (1,'111','2025-11-29 15:46:10',2,4),(4,'1231123','2025-11-30 09:18:42',1,5);
/*!40000 ALTER TABLE `comment` ENABLE KEYS */;
UNLOCK TABLES;

--
-- Table structure for table `day_stops`
--

DROP TABLE IF EXISTS `day_stops`;
/*!40101 SET @saved_cs_client     = @@character_set_client */;
/*!50503 SET character_set_client = utf8mb4 */;
CREATE TABLE `day_stops` (
  `stop_id` int NOT NULL AUTO_INCREMENT,
  `stop_order` int NOT NULL COMMENT '방문 순서',
  `location_name` varchar(255) NOT NULL,
  `latitude` decimal(10,8) NOT NULL,
  `longitude` decimal(11,8) NOT NULL,
  `memo` text,
  `day_id` int DEFAULT NULL,
  PRIMARY KEY (`stop_id`),
  KEY `day_id` (`day_id`),
  CONSTRAINT `day_stops_ibfk_1` FOREIGN KEY (`day_id`) REFERENCES `trip_days` (`day_id`) ON DELETE CASCADE ON UPDATE CASCADE
) ENGINE=InnoDB AUTO_INCREMENT=16 DEFAULT CHARSET=utf8mb4 COLLATE=utf8mb4_0900_ai_ci;
/*!40101 SET character_set_client = @saved_cs_client */;

--
-- Dumping data for table `day_stops`
--

LOCK TABLES `day_stops` WRITE;
/*!40000 ALTER TABLE `day_stops` DISABLE KEYS */;
INSERT INTO `day_stops` VALUES (1,1,'Namba Parks',34.66160830,135.50193490,'',1),(2,2,'Tsutenkaku',34.65249920,135.50630580,'',1),(3,3,'Daimaru Shinsaibashi',34.67324060,135.50096130,'',1),(4,1,'Fushimi Inari Taisha',34.96769450,135.77918760,'',2),(5,2,'Kiyomizu-dera',34.99466620,135.78466100,'',2),(6,1,'우메다 공중정원',34.70552570,135.49071010,NULL,3),(7,2,'Osaka Castle',34.68725710,135.52585460,NULL,3),(8,1,'Arashiyama Bamboo Forest',35.01681870,135.67130130,NULL,4),(9,2,'Kinkaku-ji',35.03937000,135.72924310,NULL,4),(10,1,'Tokyo',35.67642250,139.65002700,'메모 없음',5),(11,2,'kyoto',35.01156400,135.76814890,'메모 없음',5),(12,1,'Kansai International Airport',34.43199940,135.23660190,'',6),(13,2,'Namba Station',34.66293310,135.50229530,'',6),(14,1,'Namba Station',34.66293310,135.50229530,'',7),(15,2,'Inari Station',34.96680720,135.77084960,'',7);
/*!40000 ALTER TABLE `day_stops` ENABLE KEYS */;
UNLOCK TABLES;

--
-- Table structure for table `message`
--

DROP TABLE IF EXISTS `message`;
/*!40101 SET @saved_cs_client     = @@character_set_client */;
/*!50503 SET character_set_client = utf8mb4 */;
CREATE TABLE `message` (
  `message_id` int NOT NULL AUTO_INCREMENT,
  `content` text NOT NULL,
  `created_at` datetime DEFAULT NULL,
  `room_id` int DEFAULT NULL,
  `user_id` int DEFAULT NULL,
  PRIMARY KEY (`message_id`),
  KEY `room_id` (`room_id`),
  KEY `user_id` (`user_id`),
  CONSTRAINT `message_ibfk_47` FOREIGN KEY (`room_id`) REFERENCES `chatroom` (`room_id`) ON DELETE CASCADE ON UPDATE CASCADE,
  CONSTRAINT `message_ibfk_48` FOREIGN KEY (`user_id`) REFERENCES `user` (`user_id`) ON DELETE CASCADE ON UPDATE CASCADE
) ENGINE=InnoDB AUTO_INCREMENT=32 DEFAULT CHARSET=utf8mb4 COLLATE=utf8mb4_0900_ai_ci;
/*!40101 SET character_set_client = @saved_cs_client */;

--
-- Dumping data for table `message`
--

LOCK TABLES `message` WRITE;
/*!40000 ALTER TABLE `message` DISABLE KEYS */;
INSERT INTO `message` VALUES (1,'321313','2025-11-29 11:22:14',1,1),(2,'12313','2025-11-29 11:22:15',1,1),(3,'123123','2025-11-29 11:22:16',1,1),(4,'12312','2025-11-29 12:22:48',1,1),(5,'123','2025-11-30 06:34:34',2,2),(6,'11','2025-11-30 07:01:38',2,1),(7,'123','2025-11-30 07:05:24',2,2),(8,'123','2025-11-30 07:05:34',2,1),(9,'123','2025-11-30 07:14:51',2,2),(10,'123','2025-11-30 07:15:00',2,1),(11,'123','2025-11-30 07:17:36',2,2),(12,'123','2025-11-30 07:17:42',2,1),(13,'23','2025-11-30 07:20:03',2,1),(14,'123','2025-11-30 07:20:08',2,2),(15,'123','2025-11-30 07:20:10',2,2),(16,'222','2025-11-30 07:20:13',2,2),(17,'123','2025-11-30 07:20:23',2,2),(18,'123','2025-11-30 07:20:25',2,2),(19,'111','2025-11-30 07:27:44',2,1),(20,'123','2025-11-30 07:29:04',2,2),(21,'123','2025-11-30 07:29:05',2,1),(22,'111','2025-11-30 07:31:51',2,2),(23,'222','2025-11-30 07:31:53',2,1),(24,'123','2025-11-30 08:00:19',3,2),(25,'123','2025-11-30 08:01:47',2,2),(26,'123','2025-11-30 08:01:49',2,1),(27,'ㅁㅇㄴㅇㅁㅇ','2025-11-30 08:18:18',2,1),(28,'123123','2025-11-30 08:18:41',2,2),(29,'zxczczc','2025-11-30 08:19:23',2,2),(30,'123123','2025-11-30 09:16:03',3,2),(31,'213123','2025-11-30 09:16:09',3,1);
/*!40000 ALTER TABLE `message` ENABLE KEYS */;
UNLOCK TABLES;

--
-- Table structure for table `post`
--

DROP TABLE IF EXISTS `post`;
/*!40101 SET @saved_cs_client     = @@character_set_client */;
/*!50503 SET character_set_client = utf8mb4 */;
CREATE TABLE `post` (
  `post_id` int NOT NULL AUTO_INCREMENT,
  `title` varchar(255) NOT NULL,
  `content` longtext NOT NULL,
  `image_url` varchar(255) DEFAULT NULL,
  `view_count` int DEFAULT '0',
  `created_at` datetime DEFAULT NULL,
  `user_id` int DEFAULT NULL,
  `board_id` int DEFAULT NULL,
  PRIMARY KEY (`post_id`),
  KEY `user_id` (`user_id`),
  KEY `board_id` (`board_id`),
  CONSTRAINT `post_ibfk_47` FOREIGN KEY (`user_id`) REFERENCES `user` (`user_id`) ON DELETE CASCADE ON UPDATE CASCADE,
  CONSTRAINT `post_ibfk_48` FOREIGN KEY (`board_id`) REFERENCES `board` (`board_id`) ON DELETE CASCADE ON UPDATE CASCADE
) ENGINE=InnoDB AUTO_INCREMENT=8 DEFAULT CHARSET=utf8mb4 COLLATE=utf8mb4_0900_ai_ci;
/*!40101 SET character_set_client = @saved_cs_client */;

--
-- Dumping data for table `post`
--

LOCK TABLES `post` WRITE;
/*!40000 ALTER TABLE `post` DISABLE KEYS */;
INSERT INTO `post` VALUES (1,'12312','<p>312312</p>',NULL,19,'2025-11-29 11:21:58',1,1),(2,'3123','<p>12312</p>',NULL,9,'2025-11-29 11:22:02',1,2),(3,'1231','<p>32131</p>',NULL,10,'2025-11-29 11:22:06',1,3),(4,'1231','<p>312312</p>',NULL,36,'2025-11-29 11:22:23',1,4),(5,'weaf','<p>awefwa<img src=\"data:image/png;base64,iVBORw0KGgoAAAANSUhEUgAAAyMAAAD9CAYAAACvD6gHAAAAAXNSR0IArs4c6QAAAARnQU1BAACxjwv8YQUAAAAJcEhZcwAADsMAAA7DAcdvqGQAAGM5SURBVHhe7d15fFT1vf/x10kCZIOshOwLCftO2JIgiFZtqyjWtm7tbevtrVb99bZWb1vtol20rdVu1uq17a1VQCtUFLXuyhqWLCxhDQlhyQJkI4TsmfP7YybJZDIrJAzq+/l48Hgw53znu53vmfl+5nzPiTFv/BTzF1Nm88CeQqrbWkkIDuEXU7L1+qP6ekQIP586mx+WFFHd/gl5PWU2P9yj14P1+puZE/hz2QGX+/Var/Var/X6I/ra8ftTrz+6rx3nf+f5OnzkSPzFSEnNMB03fjx9QpopIiIiIh9zhuOG8+LnYCTdNDVPFxERERH5RBo5apTjpgsmQIGIiIiIiMgnl2mafvtnXH7FZxWOiIiIiIjIBWfk5F2qYERERERERC64AMcNIiIiIiIiF4KCERERERER8QsFIyIiIiIi4hcKRkRERERExC8UjIiIiIiIiF8oGBEREREREb9QMCIiIiIiIn6hYERERERERPxCwYiIiIiIiPiFghEREREREfELBSMiIiIiIuIXCkZERERERMQvFIyIiIiIiIhfKBgRERERERG/UDAiIiIiIiJ+oWBERERERET84ryCEdPM5bvLH+WmNNNx10eKmXYjjy5/nu/m+acd3pbvbbqPO0/9YJpp3PTo0I7LC1JG2o08uvw75JrnXsaFPEfPp74Xoj8/CjyN7fNxIcfChaSx495Q9M/5nOsfVUN5bp4vM+87LPdwPC7m+tvzRz1z73meR29Kc9zs0oWu44Uuzx+8CkbSbnqUFSuW9/5bfk+uY5Ih5/hFmnvP8yx388VqTf+8V3U1jrzIfbd+icc2GY673LIOENd18Ja35XubzhnH/vsoO59+ELmYaWzLx8HF/H2Te8/zfXMZH+p4sZ6bppnLvXfCn255nM2G4XJifaHqf6792+NC1dPepsceoDD77t66ehq/51vHnvxvTLXOU10FGT1Bf17FC+dVniNP7fMHt8GI9ReV53k48WVuueXW3n/3V833UyOqOFph96oKsnPS7RP0WTif+Kpqx62DKu+GpdQUVrH0hjzHXW6Zed/xKkjyxPd8+vefv/heb/cGOz/5aBnq4z/U+X/S+bN/h7rsoc7fGX+U6dz5fd8MRTty73me66sesJvPPAE5vn1/X2zSb76e+LX/YrMxSBPV8+h3T/17PnkPJcM4wso1jnO58xu/nlVx7MgmVq2tZvZ852MwPWcODOKx7W+o2+cbt8FI3nd/QXbhA9z6+OZ+24+88FteODIUneNOJZVV/bfUFBbA0s8NuDRpmmncvCyRmiGMRUwzl5zsQvIf20pR9vwBdbj4DOw/ERGRwXfxfd/0fGe/vLJvBmYYR3jhhf7zm48S00wjJxsK8y/8rNL663rf0rCLtX8d6+nS8SqqeudyQz1++/KvyC+gKvv6AT/wm2Yun186VMd2qNvnOyMn71KnR8g0c7l3xXzybZf+nLGmuZ7K++/lhSMGZtqN/ObhpSTZ0hf+6Zbey0ppNz3KI9cmAlD56v3c98IRt9s9yb3neXK23kr+/OVcX/VAv/eZed9hxfyt3F91PQ8nvtwbTLmqn31bN5HOzb+5G554maSH7yTbMDDNKtba2uhYxq2Pb+6ti+MltNx7nufuOdZtZsGfetP2bMPW5ntXJvWWz3ddtGdZFT/47jG+sLIvnWM+Lyf+wvl7bfV0xzTTrO1eU0D2ndY+Mitf5f57t5Dzm19wbVL/fnA89vT0793wxL0vcMQwnB5bZ+13d8z79aFZwJ9ueZxN5PXrL8f87l2JV8fQed7p3PybX5C05km4805mV63lflt77PX2l10ZOIx5XJTh/nyyy+vVV4lfmsjLdu9xl5+z8eZ4nFyfA2ku2+2qTG/q68h9+e7709vxZD3+A9tSkX6T07J7OOs/Z/m7Gq89fXhtkrO+ct2//fNw8lnk9Tnpvg8dxwKObe53Dnhfbg+3ebk4F33q34/p2PH1s7eHs/4+189Dd2PX+tr3c92es/7v4X07kgaMX/vvnAonY40B4/9OeHLgdzX2x8Ht+72bJzjLy7HPcdF2V99B3PybAX3obJ6Wa7s64TjWHNM6OybejNmesbI0sdDpGHHVv87ydna+2c9zPPUzXo7NnjSuPnetaXqOWf9j5IwvY8Ebzo6Z/dzN8dj1vMdx7DjOH9NuepSHswt62+ztfNAfXF8ZWTif2VVVVDpudyMvB56wXZ67+U8FzL7zHnJNEzPtRu5eWsUTN9/CLbfcyhMscLvdF5tWr+13daTnqsja1Zsck7qs30AJLH14Pvk9y9LWwtK7byLNLm3e/L4yNm0tHHCZLfee57krYS0/sLXtlq0p3JRmsvnxL3HznwowC/7ELbfcOuBE37S1kMTsBb1lWduTTdGaF7Af187y2bR6LTh779aBfeFcAkuXWfvo5pvvZy1LeXjF3fCE635wxdWxdVZvV3LveZ67eLLvku+TcNdvbsL+BwTX+bk/hq7ztu6ffaf1vbfe96LTDy6r/mU4jilPZdizfhDeSfzavkvc+YlLsX5VWLnLz9V4c+TpHHBst6syUy2pHuvrjPvyXffnuYwnx7a4K9tV/7nL317PF3R2YV9/3L82kbtWuO9fz3w9J133oSNXx9aal2/leszLxbnobf/yMR47VoPT35WPWes3sEzXx8DT2PXms8kdV/3PObXDE9fjwDA285v71xJ/p7v7Xl2/fyDXferNfldtd/YdVJF+k8s+xMd5Gm6Oiacxa71/2Doub731t/0CUU/96y7v/udbv7e57Udvx6ZhbOaxW7/ELU/A3SuWO72n5vy4rqM3HOd9AHnzXc/dXI2d41sKSUxMAtt3Uk42VJGIdYv7PP3NdTByDja/YPcFu3ErRY4JbI688KLTX1NcbXerYguFVdnkLLS9Xvg5llKAsytb3tYPoOjJvgi0Ir+AqsS+A2qm3cj1CXZlbNxKkd1lNjPtRq7PLuRPdhG4selF76Lkjf9iLUv5fE970heQzVpWbXRI50zFFgrP9b021qDHwDCOkF9YDYUv99bbsR984eux7e3Dx+xOnI3/Yi1zcHWbkCNXx9CbvO3f6459OmPTb/lToXUselNGPws/x1LW8oTdJe5Nq9fScyXVXX4LFng/3jydA/btcVdmzrIb3NbXFV/Kt+9PR96MJ8dj6Krs8zpfezg5fhUrn2Ct/WeTkzp5w9dz0ps+dHtse84BL8v1Ki8X56IvXB2/Ht60m4tx7NgMZn874/IYeBq7TvZ7c6670tP/59oOT9yNg54bj//EnS4fxuPu/Y5c9qmH/d603XEM2usdw+kpxDvuPAeezgnT9kCgu3mCW2+9z+X49qZ/nXHXVtz0Y88cx9ux2VO/J7jb49PHfOWyjt5wmPdZ55jO525ux85xu9sG0heQXf0yTxQmWuckZhqpCYXkO8nzYuA6GDle5Vtn2jrp0eXWJymsXHkXs23bjSMvcu+TcPfKFf2eruBquy+sNx4VMnvZTaT1u4owcGC7qt9A1VQet3tZcYwau5fpOXNISrqWR1au6M0r20jsfzP9Ofxaga09+YV9NzSl58yBwi1O2+Ooty9s7827YSk1LvrCOYd2O3LoB3cG49hCNnfb+tjazw9zbVIiScmO6ZxxfwzPL+8ezvsrPqVnHPhYRvUxD8fKRX5jvB9v3p8DPVyUGeVNfQdyX77r/hyM8eS2bC/7zy2H/jCMIxw97/vWnPdJrwHj2nn6vjFpz8WxTcZlPr0GlOtDXgPe6x23x8+xDJuPzNhxUf9eA/rMXX874+EYeBq753Cu93Df/762wxPn/eg4/jc//iVuueVW/sSdLH/0RrtfpL17v5WHPvW43/u2u+zDimPU+DhPw11+LvRcWXg58RdepXfdv+fCTT8mJ5Low9jsOY8fTnx5wJWd8+Omjl7wfd7nauwcp7LnR4TkRGq2bqLiWJV1/KYvIJvB+KwaGq6DEdsVh+tvdnYSDmTmfYcVDyfycs/lzR+82i86NTb91nZJ6WWSHv5NX0DiYrtPeqLK71p/wXEaTXqon7d6Ln29+gPbJXm7y7n9LrOdwwdEj4qVL9ui21w+v7Sq3w1hHm3siYxtN9g76Yshk5zY7/LoeR/bKrulD3b/7H8QOGcu83Z18ntm/eUBao7ZjpevZSSkuP/QdpXfTsOr8XZO54CrMg95UV8Hvpbv2J/nM548lu1F/3nk0B899fcnxz7sx9WxdTU+3RnMvJzwePwcOLb7oh87vhrs/vY0dn081x257P/zbYfDd44jx3HgaNNjT1KU6PpKjKf3nxcf2+68DyuprEok1UX93XGen3vWIOMJuHu5V1cWPPXvoPBibPZc2Vlxt3UppPN7JpJISvTfE6asN7L3zPs83LjuYuw8vvko+YXVxKekkzc/0RogbdxKTfYC8jwGOP7lMhgxjCOsfGItLP3FgPV1aTd9x/nALdzaG2nm3dC3bs/M+47dc5QrqaxKICnZ9XZf9USV2XPmUOWus13UzyfpC8h2NmA3bqUo0XaZzRbI3fVd+0fa3di/z9ycQIaxmfzCbK7/zfXMtquzUw75GMZmVq1N5O6Vdw3q4/4cWeuY0Hs1yLRdlerh8di6aT/Y+pCl3G0XDJtmGjfdc2O/e0Z6ecrPntu8vcwDrOtE7daFpt98N0sTbQGgr2XYj5+e/rzbboy6y+9wvufx1sOXc8BdmRs81NcVt+W77s/zHk+4Kfs8z1fo+0HEvq/Sb77b5Y8jQ8d1H/bj7ti6a6czg5GXp/7FzfEDt+2+6MeOr7zpb1/K9DR2PX02eeCy/31sh6fvHNsbXI8DM5fvOi4bWjif2VX2y7pdv39QedN2O6760Dr3cfMnDlxwlV8vN+PHMI7wwn1f4pZbtpJjd0+cd/3rPm+feTE2+27+9nCv3sL5nudbQ8g48iIv9877+pZoDuBh7FTkF0D23b23EhjGZvKr53C9n5665i2XwQi2zrn3lgcozP5F7+WgFSuWczf/GthRG//F2gTrOsEVK5aTs/XJvjW9G/9F5bK+y0nZhQ9Yo39X289BxcqXKTQLXF9FcFc/H+TdsJREJwPWGgRYL7MZxhFW3vtAv/JWzD/W12e2D/9HVq4YEOj12LR6LSTi9Eb8Xi7yqcgvoNKsGvKBt+mxJ6lZ2jM27oY1dms13R1bF/W219OH/cfe3bC6/4384F1+9tzn7Zi5O9WsXWO9IW7FiuU8vLSq9+kivpZhf/Ofs/50l9/RgKPux1sPH88B92W6r69THst33Z/nO57clT0Y56uzvrJ/ismF46YP7Tirr7vx6c555+VF/7o7flZu2n2Rjx1feexvH8t0lp/92PX02eSRi/53Vq6ndrj9zgG348AwNvObrfPtylrOimVVDueo6/cPJo9td+SiD7F939s/uAYg6dqH+7XTulTKu/yc9bsz1qVbfUudvOpfL/P2ljdj07GezlgDW+cPPrqQNm0tJCkp0e1N5h7HTsUWCknodxWksgoSXdxLfbFw+Whf+ei6mB/fJiJDwzS9fzSlyMfN+Y7/832/P6Xd9Gi/P2PwSWba/hSCLz8E5Tp5tK5cWG6vjMhHj2nmcu+dF+/j20RERGTwHHnhvk9kIOK4tK1n/uN2ub4Tmx//kgIRP1Mw8jGSe8/zrFx5F/Frz325m4iIiMjFzjCOsHJrYr8nm8av1RWOjyIt0xIREREREb/QlREREREREfELBSMiIiIiIuIXCkZERERERMQvFIyIiIiIiIhfKBgRERERERG/UDAiIiIiIiJ+oWBERERERET8QsGIiIiIiIj4hYIRERERERHxCwUjIiIiIiLiFwpGRERERETELxSMiIiIiIiIXygYERERERERv1AwIiIiIiIifqFgRERERERE/OKCBSOmmUnCdX8lIdp03HVRMaNvY9JX3iI9wz/19LZ8b9MNto/KcRwqphlD5vwZJIUObftNM5Sk6a7LMUNTmTo/h8yYvv3R43OYtyCXqcmh/dKK4MfPjAvlQp2bIiIyuNwGI5FL3mLWV1xPPE3zMtK/8hazllzmuGtIWcvtq9dg1tOo/xv7nr2KisOG4y63rF/0ruvgLW/L9zadM479JwNZJ/tDP7HpCSDmLchlrg/lGS1HKdmaT1md9fibMRPIDK5kd/4mSo63OCb3iX2dev7ZBz0fV4P5OXIxOp/PjIvJhTg3P6nngIiIP7gNRgDaGiEyPctxs9XYRYQ0HnfceoEco7Wu75W/6xk140Zajx4jfsbljrvcMjMeHJTJje/59O+/C8H3OvpmMPOPSU6itaGNxORYx139mDETmDs+xnGzV6LH55DYspNtWzbb/pVCtPvyXAkNCaa1vpZWoy84Odd6AdSVbrKr1+beoMeT8y3X3/z9OTKYBvN8uJhciHOTT/A5ICJyoXkMRlqPbYJpXybS7P+rkGlmkjg9hdamfpsvkCO0N/bf4s96muZlRKbm0/j+ehpSFw2ow8VnYP9JH9OMISqqnoYDtdRHxRJ9HsczJHmG02VTPWVUHTvbu80wWqg8fmEiRFf1+qTz5+eIeHYhzk0REbmwjJy8S11+mkcueYvIiitpTH+bhNN3sq+orHefmfEgs9PXs+/0rUyKWE7xB+9bt0ffxuSlNxJi+4W2ft0VVBw2rF/my+6HDbdRXW/0pgs++qve90YueYuxabZfds3NHP77T2i05ePO4NbzMjK+uojGv/+EBrJsdV7OiKXfI9owMM1j1Ky1tsGxjOIP3u+ti+NSiH5tO/LL3rQ92wBad32TvYVpveVzmYv2TD/K3pcrSPhaXzrHfKojnnT+Xls9PXHdPz3Hsa9P7PcDBM/+K5Onp4CtLvuKyly0FRKXPcmIXb+CRd8jqvFF9q35K60x/+m07B7e9qV9231hxkxgXkwt2w/WET0+h6i6vl9FTTOGrAXJtO3eQWtyLlnRfWW2HN8xYIlUSPIMMikdsN2az3g45PwXV9MMJXnGODh0nOBp44kxDEzzLFW7d1DZYtjeH0t9/lFCZ84kKbSnfmepbwolJuLc6oXtio19m3t4qlP0+ByX/WG/zzTrKNuynzrCSJ4xg+DKg5A1nujWSrbvOtr7/gvtnD5HzEwSlz1JQlRP2/o+t3r2OY7vNsPw6bPO1bnYw9vzwf6zxb5+ruvu/rPP2Xk+1C7Euckn+BwQEfEHj1dGABp2vtjv18KeXwlrdr7nmJSodDj89ysp+vuVFK7bTNSihwb+ymj7cm1df2W/QCSDX1Fke2/ReshY9p8E+/DL12DX0yqZ+KWLaLSl3bcb4i/pX6+o9L4yGiryiUrvv1QrcslbZIx6kb3/d4W1bRXpJESbNH5wFYXrNmMe+aU1b4cv84aKfIJTFveWZW1PDg27/kqb3Xeks3wadr4Izt5bMbAvnHHfP/37xH6/GX0bGdOOUW5r62EWE2m6b2vUImtexa/8jTbDcFv2ufalL2Jigqk6XgtAXV090THOl4PUH8xna2kdZv0Btm3Z7HRS44ph1HFodyUhWblulnSEkjgtlgbbMpGSSkjMSiPEbuwZRguVu/LZffwsLcd3sH3rTsr2nXu9esSMy3NxL4vrOrnqj+jxOWRysG/JyyHInNHXjugsa34XyyTM28+Rnsl85LE7ez+39u1OIeOr/T9LHMe3r591Q3E+eFd31599rs7zoXYhzs0en+RzQETkQvIqGKFuHY2NOUSOtb0e+2Xi2USDkxUljUXWL1wAytfT4JiAy8mwBSI9v+6Z0beRkJrP4fftvuzLn6OGPKJczdOcGdR69mlY3/erZWvFJtoiUwm27TOjbyNhlF0Z5etpSL219ybY3rbZfhEFMA7/rd+VFZfKn6OGG4nvaU/MYiJ5kZpyh3TO1K2j8Vzf60X/2PeJcfhBDh+163c7bUV/c/mLbw/7vHBT9nn1pZfM0FQSgxuo71k9VVtLfVSyTzfL9jzpat6CXKYlhxGaPNPpTbC9N6Ez3jrhcRKU1B/aT72trS31DbSGhBDimMhL3tYLh/Xy27fupLKlr499qZMZmkpiVD1lB6wTSABqj1FFFNFh1pf2+V0UvP0cGftl4nmRw4WHeje1Fj5Mjf17Hcb3uXzWDcn5cA51d/zss+fNeX6+LuS5ySf9HBARuYC8CkYMo4yqXflETf9Pgvv9Oj/ww7Pn8ZGzv/o22V/7PlH99iaTcO33Cdl954BlTJDD2K+9w+yvvm17759JiEphRIRDMjcGr572jtN+2u5lXQWtdi9D0vMIibqJyba6Z3/t+0QbKf1vgm08Spvde7xlGGU0HDvee6UlJD0Pjq1z2h5HvX1he2/UjBtpddEXzrjvH4c+sQmJysKo/xt718PYr73j9slE7rgt+xz70luh0VGEhiYzLcf6q+j8nAnEGGFE9cwavNATZGzbsrn3ikXPpMZx2Qe2X3G3bdlMGeOZOz3V7spHC232g+3s2X5jz1e+1su5c6lTNFm2/rT26UySQsMIdjV78zNfPkdoqui33TDKvLivxLfPuiE7HzzW3fVn32Cc577yx7np3Mf/HBARuZC8CkbA7lf6y6y/qDn7hd3MeJDZS1Op7llS8OoLDl+Ux6l+9Ze0TnuSSbMz++2h0W6pgd2/gUGLB4NST++YZiZRKVD9av96F67b3G95FS5+TfRGa+Fy203xlxE/7RjVdr9kelTec0O97QZ7J33hjK/9Y5qZhIyC1gZr3YzDD9r6Yjkjlv7Np4mKx7LPoy89Mc1QoqOhclf/p+hsLa0jJDq23/KooVB34CD1IX2/ln5stFofOWzfp75N/vzAi88RAEal91te1XMuuOXDZ92Qng/nUnc753Oe+8rf5+Z5+yieAyIiF4jXwUjPr/TRabm0uft1/uj63sv1UTNudPJF+R6H//6r/gGJbUlRRnbf1QTTzCRhyW0u11G7Mnj19ELMYiIjnTwit3w9DZG2JVK2JR8Zl/XdR2Jm3Nb/i9thUmDPMN6n8WgOCctuJcquzk455GMY71OzO4WxX/s+Ibufc/9eR277J7nffTMh2fcTH2kNdsyMB+3+qNoR2huT+//i66atvVyVfZ596VFYLFEhbbT2PeDKqraW+pAkEp0vT4fgMJ8nQ6YZQ6bjsqzYWKJb7ZahnK9zqNegsC/3bC0NJJGZ0hdhmWYoSePtrwBdfLz6HLEFLPafWyHZ97sPXs7ls24ozodzqbsdV+e5aWaScF3fH1YMnv3X3scLW6/wPHhu95ZcwHNzUHwMzgERkQvF62AE26/09eZm17/Olz9Hzajv9S4/iKz41YB7DbBNknsCklnX3UYIh6hacyeNKU/2vnf2V++HnS6WRngwWPX0JGrGjQQ7CRCsQYB1eZVhlFG15s5+5c1Or+hb122bFEz+2jsDrxbZNOx8ESIZcANtPy7yaa3YRKt5jMYKF33hjMf+OU7NLsiw7Z807Vjf04DKn6N9et/yk8hjdkvyXNSxHzdlD0ZfuhOTnERIQ+2AtduGUUdVZYvzm2Vrj1FFEtNy8pw+JrT1+E6nN88aRh2H6mJ7l23MW5DLvKRWSnYe6f1bIeflHOvVw/7m3Xku7mdxyqFcw2jh+M6dNETPsMtvHBwfpHYOIU+fIz3j0f5za1LKpt4nZjnj7D1uP+uG6HxwVg9Pde/H3XnuVgohXg4lexfy3Oyhc0BE5MJw+2hf+ejz5XG+IiIiIiIXkk9XRuSjxTQvI2OR94/zFRERERG5kBSMfExFLnmL7K+5enKZiIiIiIj/aZmWiIiIiIj4ha6MiIiIiIiIXygYERERERERv1AwIiIiIiIifqFgRERERERE/ELBiIiIiIiI+IWCERERERER8QsFIyIiIiIi4hcKRkRERERExC8UjIiIiIiIiF8oGBEREREREb9QMCIiIiIiIn6hYERERERERPxCwYiIiIiIiPiFghEREREREfELY8q0mabjRhERERERkaGmKyMiIiIiIuIXCkZERERERMQvFIyIiIiIiIhfKBgRERERERG/UDAiIiIiIiJ+oWBERERERET8QsGIiIiIiIj4hYIRERERERHxCwUjIiIiIiLiFwpGRERERETELxSMiIiIiIiIXygYERERERERv1AwIiIiIiIifqFgRERERERE/ELBiIiIiIiI+IWCERERERER8QsFIyIiIiIi4hcKRkRERERExC8UjIiIiIiIiF8oGBEREREREb8wpkybaTpudDR92gwmT57Sb5tpmuTnb+bosSP9touIiIiIiHjDYzCSl7uQ2++4gyNHjtDdbendHhwcTExMNL/89a8oKz3Y7z0iIiIiIiKeeAxG7r3v+5w928zL//pXv+2GYfCFL36RKZMn88gvH6HicHm//SIiIiIiIu54DEZ+8pOHOHz4MG+//bbjLgwjgFtvvYUZM2Y67gKgrb2NosJC/vrX/6Wjo9Nxt4iIiIiIfIKdVzACEBAQQEZGhuNmAEJCQ7nuumWs+/BDVq160XG3iIiIiIh8gp3307QsFgtlZWVO/5Xs3k1RYQETJkxwfJvYMc0gDMNxq4iIiIjIx9s5BSPBI0aQnJxM8IgRjrsG6O7uJigo0HHzAMFzn2XxXY8y2nR7oeZjxzRTSfnCeyz65oukjz73to+85BUWf/2HRAxi/5nmMMIn303G5KkYg5iviIiIiAjnEoxkZmbygwd+yH//97f5wQM/JDMz0zGJ+KSb7s52LN1tWC66+f4wRk74MqkTpvg+UEREREREPPB5jrns+uvZXrCNb3zjP9lesI1l11/vmER8YBiVVL9yJRue/gpHa7VWS0REREQ+OXy+gf2nP/05zz77NzZt2khe3kK+8pXb+PGPf+j4tl5XXnklGRkZPPTQTxx39RM891nmzzvJ3ifu5ZTtBgpj9N3M+eLNdG3/Kju2HsQ0DMz4e8j5wlXUvf1LLFO/TcKYCCxn9nMy/2HKSo9g+njzhWmGED7l24ydtZBREREYHbWcPfYaFRv+QkNL/7RBcV8kI+/zxMTFE2Rp5GzlWxzd8DR1Z7r6J/SCmfUIiz9zGQG2+pptr7Hj6Yc47VD/kZe8wuwJ29n3QTsJCz/LqNB22qreofy931HX3O1zOm/aa6b8kLxlSxnupC9Ns5uT/17AvkN9+wazX/AyP9OMJGLOfWROnUt4eARGdyOtJ9dx5INHOdng25PbzOE3MP32r9FRuIVR0z5FwPE/sXdPGhOuvIbhTW9z4JVfUNdqYAZ8isnf+AWRB/+bze/lY/QcO+MSJv3Xb4gq/Rab39+CYRi9x2Pve2dJvOQaRoV20X7iXcrf/y21p8+tX0REREQ+bgLjxsQ/6LjR3qWXLqGxsZGysjIAYmKiWbLkMkbHxnHVpz/Dnj0l7N271/FtvTIzM4mKimLdug8dd/UTlHQ9yUlnObXtbVoMA5OxpF37I2I7X2LPm6/TgW3yG55DypQJBIfH0Fb2TyoPltAVtYTkmfPoOvgyTe0DJ9DuBGY9yNyrcuk48DzHdr5GbVUNwzK/QnpGJzV7d9HdM+EM/yLTbvwuUR3rOb7tRU5U1hKcdStpE6NoKNlEu+lbubRW0Vy1mZMH3+FMwGyiI45TU7iOdocAYETazSSMjmdEeC11O/7JiZNdhE/4HMkpHZwsKabLlt7bdF61t/MULScKqC3dRFfUIsJb1rL/w39wsvR9Th16n/rqcjo6h6ZfvM0vMPOHZF++gPYDf+Vw4cucOlpBUNqNpE0cSd2OfDqcBFIuBU5mzJxLCG/dypHdtUTM+hxjgg9ypHgfwRM/T6yxgarjdWA5jjH6JuJTTBp2bKDdNiYDUv+D8VPiOLXp1zScsWY5Iu1mEuLiGRFeR+3OlzhZ3URI1hdJSevm5O6i3uMhIiIi8knm8zKtNWvWkJ+fT1JyEvn5+axZs8YxyaAInXU/qbG1VH3wFM0DJrQjadv/EIeKX+fUgZUceuPvNAZMJColwiGdZ2bFo2x75nPs3vASp47mU3/oRQ7tKCIgIY+YYX3pQiZdTVTAVg6t+TnH9r/FqT1PsfftNXREXsWYZMf6eWa07qP+8DrqDq+jsanNcXd/I05z4u2fcuzAm5ws+jl7CvdjjMkjKsT3dN6012jdR/2hdzhZ+j5nWoHWUmpL3+bUoXc4dehdzpzta+9g94u3+YWMGUdQx0aOfriSU+XrqD3wPAde/Q77Nm+iy+dRDTCc5oN/4UTJc5xqGEnrkWep2fu/nKiB4FEpABhGB3Wl+XSH5TI63vou04TIrDyGtWzg1HGLQ5Z1nHj7Zxw/8BYndz1OSf42GL2QmLD+yUREREQ+qXyetnV1dfHee+/yt7/9jffee5eursFcchJAwIgwAiO+SNb8aXTte4zDx51N1E/TWl/X97LlOK1tbQSFxNgn8orFSGLMomfIuWsji+74kEvu+JCFl+dhGBEE2U0aQ0YmQHM5Le12763+DVufuIpDR92udDt/7eW0nrV7WX8UCxEMdwxGvEjnbXu9Ndj94m1+rSdL6Rq+kPRP3U7ChMuJiM8k6GwBpw5tp21A8OoNCxazC+jEtIDF0gV0g0nvciyA7sPvU9c5mphxM2xbsolJj6aj/D0aHZvbfoSzdkv9upqq6SKW4SPtE4mIiIh8cnkMRs62tBIWHu642Wth4eGcbWl13OyUEXgJk+74kEu+ci/Rww5wfOv63mVS/ZnYz/sMYwMHn1lM8fbDdls9M81Aohc9SmbWcOo2/oDif91t/belsF/+2P7a/MByrfdQmD1LyIaKadLvN3fTgonBgDm3h3S+tNdbg90v3ubXfegxSjZvoGv0p0lf8lNmfXEluXesZcqsKUP7GOLu9dRWtBCSsYQw04SES4kNa6S2dGu/oAVgYKeagME5dIuIiIjIx5LHYCR/00ZyFizgrrvu4o47vunTv7vuuoucBQvI37TRMVunzO4dHP7X3RS/vpym7gkkzV9M4FBOLJlCTGos3Yee4uCO9zh9fBunj2+jqdG28N+OaVqAgI/4PNL79nprsPvF2/wMo4HThQ+x+4XPsfnPi1j/zM3s3tNMTO63iA91TD14epdqRVzC6FgYOW4hI1o2cNJxiRbWuGPgBgv9I0YRERGRTy6PwcimzRv5zaOPsqdkD/v37fPp356SPfzm0UfZtNm7YARO03JsK42H/sCBLbsZNvl7ZGaMckzkEzPiWiZ+4XlmXHo5wwYENq10dwFBw3u3mGYgI+PHDZhHtp2pgfCxhNn9nUcj/l4W/L93GZdqn9LKfbn+4n17rXomzs73MgT94m1+oePuJmveYoabJobRjaW1jLrSYjoD4gl2ciHPU7m+sC7VSiEmcwmxqYl0HH6PJmdZjkgjzC4wCopIJIg6OprtE4mIiIh8cnkMRgB27d7JCy+uOKd/u3bvdMzOI8MwOVv0Uw5Xh5Nw2XeJDnI20/NO2ISbiE8YT+S0m4gNdtxbTu2R4wRm3MWU3C8yOusakhb/kYwUy4AVNi37XqfBMo/MZT8kZeKVjJ5yB5OvXMbw0+9yotIxtadyYVjsJcRkLCYmYzGRo4IhII6IsZdat6VkDtEVIe/bC2AYbTTX10D8p8mY+mlGZ13B6KzFhAf3pR7sfvE2v84Rk0mY930m5n2R2LGLiR1/E+PyrmJ4+17O1PfLErwo1ye2pVrh4+8gNrqR2oNbnD9Sui2GMVf9iOQJVxE3/R6mLpgLpzZSZ3dfj4iIiMgnmVfBiD8YHOXYO0/ROOIzjL/03JdrtR7dwJm2VjorN3Da7qZoAMPopmnz/7B/XzWhU+9m4qfuIiF8O4cL9/VPCBjNL7J3zW+p7ZpJ0uIfMSH3swTX/ZO9rzxGU/fAiai7cgEi5zzCtKWPMm3po2SNi8UYPo+xttdTP/U5hmKlkS/t7dG07edUHA8jbvFDTPnsL5j8mfuJj+3bP9j94m1+HSU/Y0/RPoZPuJ1Jn/k1ky+/jRhjK+Wv/ZracyjXF71LtaIyCGvdQK2zJVoAlgKO724jZsH/MCH304yoX8W+fz9Lq7PARUREROQTyOMfPRQR31n/6OE2djzz8wF/yFJERERErC7aKyMiH30KQkRERETcUTAiIiIiIiJ+oWVaIiIiIiLiF7oyIiIiIiIifqFgRERERERE/ELBiIiIiIiI+IWCERERERER8QsFIyIiIiIi4hcKRkRERERExC8UjIiIiIiIiF8oGBEREREREb9QMCIiIiIiIn6hYERERERERPxCwYiIiIiIiPiFghEREREREfELBSMiIiIiIuIXCkZERERERMQvFIyIiIiIiIhfKBgRERERERG/UDAiIiIiIiJ+8bEKRkwTgjAdN8tFzjQDCfwYjMTBbsdg5yciIiJysQmMGxP/oOPGoTRu7lx+vziEg7vrOWUYjrsBGDsnmz9elcXnZqXxuVlpXD81mGM7a6lykR7ANIO55up5/HBBHEHHq9jb6jrthXIu7bgYmWYy1/34F9x+/aeZ2JHP1op2TDOR6374U/5r2TVMM7eTX97i+DavmOZoLv/Og3zrhrkE7FtPadP59U3A1P/gl/d/nWsWRlL23m7qz6OvTTOQjNylLExpo+xYI6abvAa7Hd7k50v9RERERC5GF+XvrtWlpfzu3RJ+924Jz5a3Oe52waSjs5suSzcdjrv85NzacfE6UV1D6sRphJgmxE1n0sijHDvlmMpXFro6OunsbKdzEC5qpY/PZERrC63hmYxLcNzrqyBSZl/Bp2anM8xx1wCD2w7v8vOlfiIiIiIXH/8EI6bpdjFV6+kmCo41UHCsgf1NXY67nTKMdt55ZytfW76TV+ovjl+Iz6UdF7POigpOjJ3ExGEQPW0y0QdLOX6es2DDqGP9kz/gvh/8hneOn99xM80YxmVG07y7mNKuODInjHJMMmQGsx0MQX4iIiIiFyNjyrSZ7uICxs2dy4+z6nlqYzdL5sWTEWJSf+okqzcdZktzX7opC+bx/dRT/PTFckpty0XMlHH89fJRvLmmgFWN1m3j5s7lx2PreXJTN0vmx5MZYqHu5ClWbSpn29mBk66UWbN4eMpZfv/cAQqcLEMx0yfwj0tHE9hTZns1v15eym4nacNj47kpO5FpsSMIM7uorjnBK1uPUnDWMaV3fMnPYzvMQMaOT+PGKbFkhAcR2NVBZU0Nq7YeY7fdkjPTDGLytLHcPDGapLAgArs7OHmqjrVbythw2j4/79J5w7pM63tMKX6W3dO/SMSan3Hssp8wfutfaVx6J2kbHuKxd2ptaYeTmnc9SxdNIyUmlID2Jk6UbuH1NW9ywL5+s27jt1+Z1XfcWvL58/ef54BD32Qse4j/nrufFf/sImfZPJLCOmioKOL1F/7Frvr+Q9cMWcjdD3+Bzn8+QnnOA1x1+h98/y/b6HbIMyxtEUuXLmJSUhTBZjOnygp4a80b7K7rtuYz4WYe+WYuYU6PUzc7nv0Wfy+21duLdpiBs7nt4a8xtvgJfrxyf+9yKjNgCv/xizvIKv4jD754ANMwvMvPy/qZAdP5yi/+iwklT/Pj53f39oMZMJWv/OJ2xhb8nodWlWp5l4iIiPiNx3tGYpKSWBwzgujQDgr3VrHlRCeJGclcmWRh64HTNNsmMnHJSSyMaGHdnoa+dfoRMVw3dgSH9lext826LSYpicXRw4kJ76BobxVbTnSRmJHMVUkmW+zy6xGRkMDlcZ1s3VXn/F6LtlaOnKhnW/lJygIimDaylU276znpkNYMjee+pVlM7DjFmzuq2FzdQWx6Ckszg9h3oIE600nebvian6d2jEgfx8OLomkqO8br+09QcKKdiNQUlqVYyC9tosX2nhFpWfw0L5qmsgpW7a5ma2UroclJXJsVyK69jTT4mM47o5i4eCEJp97l3dopfCothpDx7ez+ZzkxS+YxsmJd7z0jw2d8mf/50mSaC97l/Y3b2Hm4npFTr+CqKZ0UbzlMa0+5zbVUlpdQXFTA0aAsJsbUUvDuLuoc6hU1cQkLkqOIjGxi9/p1FB/tJmXWJeSN76R4c1lvvwAETbmcz80yKXr53xyOyiFnsoWy93b3y9OMWsTt3/4CmW27WPf2hxQeOk3UjMu5Yk44ZZv30GAxoP00J48dZPeOElrjppN8ZjMrV79L4Y5idu7cyf7D1TTaxrNX7bCcwkhewrzxJqUfltCAdV/ghCv4Yk4Eu159iT09V/O8yc/b+llO0BaTR97MMKrWFXHCYs1j2LTPctO8EWxbtZoDTu5FEREREblQvFumNbyT/A2HeL28jo37K3issB4jJoZZoY4JvRTcRf56h/xiY5h9DvkZbS0U25ZCHThj/WXbmfjMMUwy6nnhrTJeK6tjc+lRfre+itOjxnDJOdxbMNj5dR0v539WbudX26vZdryBHYcr+b89jQwbE8WMoL50CbHhhHbWsmZLNZuPNrCtvIqn3ynhqcIGmu3mld6m80WAEcDh3XshewFZR0vY1RIw4GlP3fv/ycMP/JQn12ygeO9e9hWtY9X6UoZnTGFicF86o/kYe0pK2F1SQlmdh7t8Qs5StPx53t1WwLb3V/J/7x0lKHUqk8L7J8sYP5YRZyoor4XD5RV0hmWRldQ/zeg588kK2surf17Bu9sKKdz8On9dvonm2DnMy7J2jNF8jJLiIoqKdlDZDDRXsbOokOLiIoqLi6iwXeXrSeupHYbRRUnxHtpHTWFGhnWbacK4GZMJO1PCjtK+Kzxe5edl/QwDDmwuoDZ4MnNnWTvfNIOYNnsKI2oK2HbUIWMRERGRC8y7YKT9LMda+16ePdNOC8OJDrNP5AOn+Q0j6lzz80LcqGBoOcvRzr5t3SfL+c6z+fztuH1K7wx2ft0Ek7tgJk/8x0L+8uWFPPPlhTy9MJYAhhMW0pfuRF0zLcNiueGSVK4YG8200SGEtzaRX9HESdsv7r6k80VAYACUbWNdcQkbNuygGQbk1G3Ekn3Dd/jZ47/l0V8/xq9+/RiP3DgNwwgn1CF48FprDVWNfS9rT5ykkzDC7fIzzdGMHxtJV0U5FUB3aRnHiSNzfERfIiA2NhpOV1Nl9/AvS9kqHrrn+7yw3+2KxfPSUbKT/e2RTJlpi0bIYvrkCJp2F3Fo6IqFY5soqBzGxLlzCTVNGDaNmZODOVa4lRqfro6JiIiIDD7vgpEBrDegD95cxsTEIGDQ8huodw2+3TbDMLCYBpZzaMhg5meaJtPnT+aW1AB2bd/Lr/69k0f+vZNHiuqxOKRtrSjn9wW1tETFsSx3Et+7Zg5/vGUe904OJ8jsq4236XxhYGBwhPf/8Qyv7Bx444lpGkxc9g2WTQ9i/6t/48kn/sATT/yBJ/59YEA7fGJa+r+/57V9N4dPJjMeqo6UQ2AAQS0VHKmD1MyJ/dobEGAd8v2PG1gs1jE4ZLp2sWNfOzFTZ5JsmjB2BlMjzlCyw3qvyFAxjFPkbz9MQNY85o6CETOymTjsMEXbTzomFREREbngzjEYMTAwsdjN6LoxwTD6Z2hAAJZ+6ZwzMGxLV4ZKt2kCDvU7D4Ob30hmJQ2n7ehhnt5bx+6aJvbUNLGvaeCyM8PoYm/JIX65tpA7n9vE11cW8IdDXUydm86ldldQvE03uNKYOimC9l2vs/yDYg6UHqS09CCHTrUO5TQfgKAJWaQakLb0QR7/7R95/Lf3sSTWYFhmFpl26SwWyyAeN+/1LtWKmcb0JMiYMZWIM7spPjiEg96mcetWSi3pzJ6XxIyZExlWVkhBg2MqERERkQvPuznZiDBS7CawYSNHEEonDXZPjTrZ1A4jQkm1S5cUGc4wSxunmvq2gav8Oqh38hSqzm4nQc45OHWmHUJDSbV7FG3A6Ax+/9UFfD3J9wmhr/m5b0c3nd1gBAb07jdNk3GjwwekT8xI4yszoog2TQwD2tpa2V7eyBkjhNF2y9y8TTe4OujsBIYF2bXDICMtaciDkaysDIa1l7D6sUd5zPbvd6/uoyt0bL/7RurqGiAigUS7+5OMsZ/nod/9ipsn9m2zMq0BsjFwOdq5sC7VimPqtJlMmRhLU0nxeS7R8rJ+LQVs29tO6uybyJ0YyP7C7ZwZwqsxIiIiIt7y7mlaEQGEx4USZgYwZswYbpk9hqjT1Txf0tT79KuWZpgwMYmcxOFYugNJSkriyzOi6Kw4zD8qWumypYtJSmJxVCCRcaGEuMmvR4sRyqfGxxIb2EFb0AgSI0JIDIba5k66DYOI6CimxYaQGBFCakIs0yIsnGjsIjwihMRQg8YznXQaBmeaDSZPTCI3aRiGJYDY2NF8fl4y6R0nWLm9gVofn6bla35u20EXHaNGsyQzmsxAC+aIYKZNGMtViUFEBJvs31vNgQ5rfsPGJHP73HjSgyx0DxtGYnQkV8xIZvKw07xZWEulrVxv03nH+jStxFNb+XBfvd320cy4Yi5hh3ueptVMV2w2uXMnkzasCzM8gYm5y1g0PphR4RYOrd9Iue0xxSOTpzAhdQxj4uJIHjeDiaO7OFXTSmhcHGMiAzlTe4Yuw7A+TSuplu32f009bgZXzI7kyMb1lDYbmGYCOdddQWrlOzz7Xgn1Tac5ffo0DSdDmXjZPGLqNrO1oh2Asw1BjMtdTPakSAK6RxCVNpvPXncpya3beeXVEuptT5wCMIxuApMWsGBqLMEtHYyITSAhIYZhZ07Q1OlbO6DvqVoLx6cQFg8H175IicPfxPElP2/q15PuRFsclyyZRlz3Ht5ckU91ty/HX0RERGRoeBeMRDbw4k4LeXNSWZIahqWuhufWH2W//YSn6yw7qjsZkziaSybEMTMmkKrycp7eUkud3e+21mCkgZeKLeS4ya+H5cwZjphhzJ+YyGXjx5CbOYb5MZ1sOHCas4bB7PnZfCt7DAvGxjE9MggjMITJY+NYMDaO+YkWim2PGjY6m9lR3UHMmDhyx49hXkIw3bU1PL++gp3tA8v1xNf8PLWjtrqRxtCRzMocw8L0SKLaa1lx0GRh2vB+wUhL7Wkqg8KYmRnP4nHxzEseRWRbPWs3lvNBc9/P7N6m8453wYhhQP2hUk5HjGXqnHnMmZZJZEsRr2wzmTMtnDK7YGTK5+7ntqvnMzt7DhPjgzGCRjM+ew6zs+cwa5zJng/30OhlMMLIbD67dBING18g/6jdE6g6momafikzQyr5oPA4FsPAaD3CnrIWojJnkj1/HjPGjcZyPJ/Vz61hn5N+aThSSUDqTOYvzGNe9mxmzBiPuf899tqCCG/bAWAYFurMJBYvHE9kcxGvvbSr37nha354Ub8ellqT5MvmELnnDVYWVPt8X5OIiIjIUPDujx5m1vHIyjL2agIj8pFkjP0CD34rmwP/+wAr9g68F0lERETEHxxvSXDOsN5gLiIfPaZpMClnFhFndrJ9b5fjbhERERG/8S4YEZGPrmEzmDdtJA3FWynVzwoiIiJyEfG4TEtERERERGQo6MqIiIiIiIj4hYIRERERERHxCwUjIiIiIiLiFwpGRERERETELxSMiIiIiIiIXygYERkkphlI4CCeUYOdn4iIiMjFJjBuTPyDjhuHmmnCuHFpXBHdzYG6dix++svuZvoE/rEsFfNQNQc6hrYOAVP/g1/e/3WuWRhJ2Xu7qb8AbQ5OzuVzX/oPvvi5ZXxmSQ7TU0OoP1xGXbtjyoubaQaSkbuUhSltlB1rxHTTd4PZz76Ua5qjufw7D/KtG+YSsG89pU2u03rDm/x8qZ+IiIjIxchPv7saZGSmcE3mSIY57vqYSh+fyYjWFlrDMxmX4Lh38Jnhc/jSnTczK+wIG9asYNWbO2hN/zTf+MZnSQ74qP1pmSBSZl/Bp2anexwvg9vP3pcLFro6OunsbKdzULrXm/x8qZ+IiIjIxcdPwcgni2nGMC4zmubdxZR2xZE5YZRjkkEXNmsBU0MO8/ZTz/Hu1kK2b3yF//1nAW1JOcxPd0z98eCPfu5hGHWsf/IH3PeD3/DO8fO/QjHY+YmIiIhcjDz+BXbTNImIS+TWOQlMiQkmuLudssPHWb69hqPd1kmSaQ5jyaey+c+4Rv788j42t1m3j54whUdywih6v4gnj3ZhJmby9JUJhDtZTmKaFrZ9uJE/VvTk6blcgHFz5/LjrHqe2Wzh0rnxpAV3U3fiFC9tLmf72b50pmmQkpXBbTPjSA2Buprj/P1IKN/LC+PlVUW80txTbhCTp43l5onRJIUFEdjdwclTdazdUsaG073Z+cQMWcjdD3+Bzn8+QnnOA1x1+h98/y/b6Lbrh4xlD/Hfc/fz/Mo2cq7PIWVkF6ePFPP6C/9iR123z+nSrvsx35l/iD//YDkHbOWYwxOYOjOFttKtlDX0tBdGjbuc66/JJSshkuHtjRzft55X13zI0VZbmhELuftXV9H07l6SF2YzvOwVnt00hhu/vICRdQW8+NRKdtv6z9v6meZwUvOuZ+miaaTEhBLQ3sSJ0i28vuZNDtj62ZxwM498M5cwp+Olmx3Pfou/F9sdYy/6GSAsbRFLly5iUlIUwWYzp8oKeGvNG+y21c+Xcs1Zt/Hbr8wisKePW/L58/ef7+1zADNwNrc9/DXGFj/Bj1fu711OZQZM4T9+cQdZxX/kwRcPYBqGd/l5WT8zYDpf+cV/MaHkaX78/O7efjADpvKVX9zO2ILf89CqUi3vEhEREb/xeM9IwMhEvnfNWNLOnuK1ndUU1puMn5jOp2Nb2VB+lnbDwDAsHK5uI3NSKpdEnOXDihY6QuK48/Jkwo4e4LGdzXQaBnS2c6K2kcKKWloiYklrreaZLcfYUnGK7RW17DrRQn2XdWLkTbkAMUlJLI4eQUxoBwV7qthWayEtM5FPxVvYcrCJZlu6oNh0fvSpJMJOVvKv3TUc7BjF5eNGERtisn9v3z0jI9Ky+GleNE1lFazaXc3WylZCk5O4NiuQXXsbaTiHiVvQlMv53CyTopf/zeGoHHImWyh7bzd1dnlFTVzCgpQoIiOb2L1+PcUVLYyevpjFk7rZsekQZ21pvU0XPekyFiTWss3uvgmju5lTlZU02IJFgIC4y7jz28tIrCvg/Xc2sLu6m7Scz3Bpxmm2bT9Kh2FAUCrzrphGfPMB3tl8mrTFlzAnvJL31h0hevZipgTsZuPBJp/qN3zGl/mfL02mueBd3t+4jZ2H6xk59QqumtJJ8ZbDtBoGtJ/m5LGD7N5RQmvcdJLPbGbl6ncp3FHMzp072X+4mka7tnjTz2bUIm7/9hfIbNvFurc/pPDQaaJmXM4Vc8Ip27yHBouP5TbXUlleQnFRAUeDspgYU0vBu7v6lYnlFEbyEuaNNyn9sIQGrPsCJ1zBF3Mi2PXqS+yp9yE/b+tnOUFbTB55M8OoWlfECYs1j2HTPstN80awbdVqDji5F0VERETkQvG4TCt1QgLjLKf4xzvlvFVey/o95TxaUEdwahJ5oX3pjLZantlaS2BGJjcnjWD+/AxmdJ/k2fy63gmo0dZCQUUdmw/XcaQNaGth++Fa8ivqyK+oo9T2S7wv5QIwoovNG0p5rbyW9XvK+MPOZgJHxzA9uC9JanoMY7pPsvz9Ct4tr+PD3aWsPG4hyD4fICE2nNDOWtZsqWbz0Qa2lVfx9DslPFXYgO3Hf59ljB/LiDMVlNfC4fIKOsOyyEpyTAUEn6HouRW8v72Q7ev+xV/+vZ+A5KlMjTzHdF5Imp9LWmcxLz29inXbC9n2/ks8vXYPwyfmMLdffkFU7niDbRvfY9eJUOr2v01+/r8pOArRMXH2Cb2qX/f+f/LwAz/lyTUbKN67l31F61i1vpThGVOYaDtuRvMxSoqLKCraQWUz0FzFzqJCiouLKC4uoqKx/wHxpp9Hz5lPVtBeXv3zCt7dVkjh5tf56/JNNMfOYV6WbZz6UK7RfIw9JSXsLimhrK7DrqQ+htFFSfEe2kdNYUaGdZtpwrgZkwk7U8KO0r6Lk17l52X9DAMObC6gNngyc2dZO9U0g5g2ewojagrYdtQhYxEREZELzGMwkjAyGJpaqAwIICTIICTIoLuxlXpGMMZhSX5j2SFWHg3gktzp3JoB+fnlFJzjU6p8KZf2sxxv6Xt5suksnQQRYReMRIcOg7PtnLD0bTvW0ILdSwBO1DXTMiyWGy5J5Yqx0UwbHUJ4axP5FU2ctP2i7QvTHM34sZF0VZRTAXSXlnGcODLHRzgmhdYaqs70vWypraeFCEZF2SfyIZ0XRsdEQ3011Z1921qqTtBEDDGj7VOadHdZgE66u8HS3Q1YME3rpLcfL+rXbcSSfcN3+Nnjv+XRXz/Gr379GI/cOA3DCCc0vC+dt7zt59jYaDhdTZXdeLGUreKhe77PC/vdrlg8Lx0lO9nfHsmUmbZohCymT46gaXcRh4auWDi2iYLKYUycO5dQ04Rh05g5OZhjhVupGXDgRERERC4sj8FIYICBMTqDR7+8kGd6/l2TQhwBBAX2T2sYXWw6UEdLeDDRZ0/xzlG7Ga6PfCkXzP5BhQkWDEy7uZZhCyTs530WJ5PA1opyfl9QS0tUHMtyJ/G9a+bwx1vmce/kcIJMJ2/wJHwymfFQdaQcAgMIaqngSB2kZk4cmJ/Zv36YJibGwMm+t+m8EBgUaHu/HdPEJJDAAf3sJQ/1M02Dicu+wbLpQex/9W88+cQfeOKJP/DEvw8MCA695mU/BwRYh7x9/QwDLBZrHYdM1y527GsnZupMkk0Txs5gasQZSnZY7xUZKoZxivzthwnImsfcUTBiRjYThx2maPtJx6QiIiIiF5zHYKTbYmLWV/L7f+/kEbt/v3xzL685zGdMwrlx7hiGn2zkcHACt04NJcBxwu0lX8r1Rs90237aF+BkDmgYXewtOcQv1xZy53Ob+PrKAv5wqIupc9O5NMQxtWdBE7JINSBt6YM8/ts/8vhv72NJrMGwzCwyHRMb/euHYWBgweI4Q/cincXsBsPod4DNEUlMy8lhXHTfMenusqYbmF8XXX33m/vGY/3SmDopgvZdr7P8g2IOlB6ktPQgh061nnM44G0/WywWoH+/XAi9S7VipjE9CTJmTCXizG6KD57b+eGLxq1bKbWkM3teEjNmTmRYWSEFDY6pRERERC48j3Oy6jNtMByaak6zp6aJPTVNlDR2YQSYdNtNfk0Txs8Zz5Ujm1mzqYS/72klfdZ4lkY6n16aFsDNb9Heluut+pZOCBvBGLsWp0SFDuiAxIw0vjIjimjTxDCgra2V7eWNnDFCGB3mkNgLWVkZDGsvYfVjj/KY7d/vXt1HV+jYAfczEBJP4si+l6GxMYTSxJlG+0TepTtVXw8h8STYLWkLyryUm268mml2K5dO1dVDdAIJdn+oIjQxnlHUUVfTt80nHuvXQWcnMCyot/9N0yAjLcnFeDAxTSdBjh1v+7murgEiEki0v99p7Od56He/4uaJfdusPJfrC+tSrTimTpvJlImxNJUUn+cSLS/r11LAtr3tpM6+idyJgewv3M6ZIbwaIyIiIuItj0/TajoDU6emkhdrYCGIMaNjWJY7ni+kWSjc00CtbRo0LC6N/8mNoW7nHp450kHdiWZGjk3lM8kmhQdP02Q3XTIMCIwZw+LUEELauggdFUpKZDDDWltptD2219tyrU/TamXj7npO9UywImK4buwIDu2vYq/tqUdnOoeTOzGRGTEBdBFESkoyn80IJTbYwj67p2kNG5PM7XPjSQ+y0D1sGInRkVwxI5nJw07zZmEtlfZrvzwwzQRyrruC1Mp3ePa9EuqbTnP69GkaToYy8bJ5xNRtZmuF9c+hR01cwoK4YYSOTSKEEcRm5XDtVXOIOLWJl993eJqWF+k66iE1dzFzJ0djdA0nOmMO11yzkDH161j9xsHe43GmPpAJiy5lTmYIFsIYMz6PZZ+ZQ3DpG/wz/7jd07Qm01H8JjtPhDEu71Kij7/LtiMWUudexaSuHby9o9qH+jXTFZtN7tzJpA3rwgxPYGLuMhaND2ZUuIVD6zdSbvcwA8PoJjBpAQumxhLc0sGI2AQSEmIYduYETZ2GT/18tiGIcbmLyZ4USUD3CKLSZvPZ6y4luXU7r7xaQr3tiVPelAswMnkKE1LHMCYujuRxM5g4uotTNa2ExsUxJjKQM7Vn6OoZl7anai0cn0JYPBxc+yIlPU/RsvElP2/q15PuRFsclyyZRlz3Ht5ckU+13eOxRURERPzFYzBitp9hR003yWljWDxhDHMTQjHra/jHh4fZZZvwmMZIvnzlOKa2HeO3G07RgIFBB/vqg8ibnsJ0s451NR391sbX1TYTED2aRZPiWZgZx9z0SMzK4+zo+XsfXpSLD8GI5WwT+88OY0L6GPLGxpAWcJpVh7rJTRnWLxhpqT1NZVAYMzPjWTwunnnJo4hsq2ftxnI+aPbxZ+yR2Xx26SQaNr5A/lG7JyN1NBM1/VJmhlTyQeFxLIZhncTHH2Dtm11kL72K3KkJmJVbWf3865S19pXrbTqjo5J9B5uIyJrFnPnzmJEZQ+fhD1m5/E0Ot/Umwzxbwd6yDuImz2HegrlMTR7J6b1vsPzFTZzqmbD6Gox4qJ9hQP2hUk5HjGXqnHnMmZZJZEsRr2wzmTMtnDKHYASg4UglAakzmb8wj3nZs5kxYzzm/vfYW2/41M9G6xH2lLUQlTmT7PnzmDFuNJbj+ax+bg37nBxft+UCUz53P7ddPZ/Z2XOYGB+METSa8dlzmJ09h1njTPZ8uIfG3uDBQp2ZxOKF44lsLuK1l3ZR53BNw5f88KJ+PSy1JsmXzSFyzxusLKjGoisjIiIichHw+EcP5cLIWPYQ/z1nP396YAWlbiaK3qbzl4u9fp9Uxtgv8OC3sjnwvw+wYu+53gwkIiIiMrgcb5kQf/J27u5tOn+52Ov3CWOaBpNyZhFxZifb93Y57hYRERHxGwUjIh93w2Ywb9pIGoq3UqpIUURERC4iWqYlIiIiIiJ+oSsjIiIiIiLiFwpGRERERETELxSMiIiIiIiIXygYERERERERv1AwIiIiIiIifuFTMGKaEIQeviUiHx+mGUigT5+EIiIiMli8frSvaQZzzdWzuSmmjVdfL+Sl+qH7ewVj52Tz02mhva/NzhP8/rkDFHxE/6K3acK4cWlkU8fq0jN0XaB2BCfncu21S5iSEk1wdxMnDm3l9Zff4sBprw55r9Trfsx3L4vrfW22F/DX+/6P3UPcjqEq1zQDyci9mqns5N+bK+g+z/y8NVjHw1f+aq+3Bqt+Zvhivv2zG+ha/X3+tLGlb7s5mqu//2OW1D3HD57Z2u/8M83RXP6d73FtcgNv//7nvHHs3MoWERGRc+PD74EmHZ3ddFm66XDcNciqS0v53bsl/O7dEp4tb3Pc/RFkkJGZwjWZIxnmuGuImOFz+NKdNzMr7Agb1qxg1Zs7aE3/NN/4xmdJDvBt8ntyywv85Zmn+MszT7GqsM5x95AZunKDSJl9BZ+anf6RPB6+u/Dt9c0g1e9MKWWnDFLHTiDAtOvT4PGkx8PxsgNOfgiw0NXRSWdnO51DfRhERERkAK+DEcNo5513tvK15Tt5ZQivigC0nm6i4FgDBcca2N/U5bhbvBA2awFTQw7z9lPP8e7WQrZvfIX//WcBbUk5zE93TO1e24mD7C4pYXdJCYdq2x13Dxl/lTsUBvN4iHOGUUVp+RlGjM0izW57QFYGacYJDh1otNtqZRh1rH/yB9z3g9/wzvGh/VwTERGRgTwu0zLTJ/CPS0cTaPtF0Wyv5tfLS/stlTGDxnD/l1Jp3F1PxsQ4hlcf5k8HQ7htUTwRZ07yt7cPUdBuTT9u7lx+nFXPUxu7WTIvnowQk/pTJ1m96TBbmnuz7JUyaxYPTznrcpmWaZpExCVy65wEpsQEE9zdTtnh4yzfXsPRbludfaifN/lh145nNlu4dG48acHd1J04xUuby9l+1pZXYiZPX5lAuNN6W9j24Ub+WNFTbhCTp43l5onRJIUFEdjdwclTdazdUsaG047v9iztuh/znfmH+PMPlnOg59gNT2DqzBTaSrdS1tBT7nBS865n6aJppMSEEtDexInSLby+5k0OOCk34bP3871Lq9wulwpLW8TSpYuYlBRFsNnMqbIC3lrzBrvrunvTjPvCz7lryk5+/5N/crinflO/zK+/nsa6X/6MN2r65+2pXG/aYU64mUe+mUuY0/d3s+PZb/H34p5+gVHjLuf6a3LJSohkeHsjx/et59U1H3K0te/9ZsYN/PS/s9mz/EW6cz7HvJQwOk4fZecbK/lX4UkstrK8Px7elZux7CH+e+5+Vvyzi5xl80gK66ChoojXX/gXu+qtp7RP7fWyHd70cw9P48CX+nkrKPvrPPLlGN7+6S95x/ajScq1P+K7C8r69/2s2/jtV2b1fa615PPn7z/fu7+HacLIsZdy/bULGZcYzYiuBo7ueI9/vbKJ6g5r2ojLvsND80v55cNrqQ6cz+2/+TIZBU/xgxV7MMdczf3fT+H9+/7M1i7f2iIiIvJJEBg3Jv5Bx439tLVy5EQ928pPUhYQwbSRrWzaXc9J+y/tgHAumR5Dcnsjr+7vIGtKIrkjzvLaniZGZyUx06jjnepOAGKSklgcM4Lo0A4K91ax5UQniRnJXJlkYeuB0zQ7TAYiEhK4PK6TrbvqqHIyaQkYmcj3rhlL2tlTvLazmsJ6k/ET0/l0bCsbys/Sbhg+1c+r/HraET2CmNAOCvZUsa3WQlpmIp+Kt7DlYJO1HZ3tnKhtpLCilpaIWNJaq3lmyzG2VJxie0Utu060UG+boIxIy+KnedE0lVWwanc1WytbCU1O4tqsQHbtbaTBSdvdiZ50GQsSa9n23m7qbe81ups5VVlJQ1tfXsNnfJn/+dJkmgve5f2N29h5uJ6RU6/gqimdFG85TKtDuSPHXcLC9DMUv7Oj/xiwMaMWcfu3v0Bm2y7Wvf0hhYdOEzXjcq6YE07Z5j00WGz9N+Uy5sWdYOuHe2jsySduBlfMjuTIxvWUNvtWrlftaD/NyWMH2b2jhNa46SSf2czK1e9SuKOYnTt3sv9wNY22vgmIu4w7v72MxLoC3n9nA7uru0nL+QyXZpxm2/ajdPTUIWoySxakEBU5krqd69hUXE5r3EwuWTSRjqJNHG6xpvP2eHhbbtTEJSxIjiIysond69dRfLSblFmXkDe+k+LNZbT42F5v2+FVP3s7Dnypn5e6z4xk8pJ5jDzxAYXHuzHNkcz57LWMrfmQl4oqe4MqmmupLC+huKiAo0FZTIyppeDdXdQ5jK2A2Ev55revJ6mxkPff2cjuSpP0vKu5NKWWbUWVdBgGbcGZXJozirJ3ijmZMo+rZ44mIKie4s2HaM9ayLWpdbz3wT5OOxm3IiIin3Qel2kZbS0U25ZMHTjT98v2QAEcKT/K+gPHKTgdRG3lMT4oPc7GkxA7MqR/0uGd5G84xOvldWzcX8FjhfUYMTHM6rtn3WupExIYZznFP94p563yWtbvKefRgjqCU5PI65efd/XzPj9gRBebN5TyWnkt6/eU8YedzQSOjmF6sHW30dZCQUUdmw/XcaQNaGth++Fa8ivqyK+oo9Tul+6E2HBCO2tZs6WazUcb2FZexdPvlPBUYQMO8/JB1b3/nzz8wE95cs0GivfuZV/ROlatL2V4xhQm2trhi9Fz5pMVtJdX/7yCd7cVUrj5df66fBPNsXOYlzV0DfGmHUbzMUqKiygq2kFlM9Bcxc6iQoqLiyguLqKisa9+SfNzSess5qWnV7FueyHb3n+Jp9fuYfjEHOZG9pVrFUJjwfOs+mAbhdvXsfpvb3E4IJUJEx0HjGc+lRtylqLlz/PutgK2vb+S/3vvKEGpU5kUbt3tS3ttGXpshzf9jJfjwPf6eeHMQcpOBpCeOQ7DNCFwHOnJcLRsf7/7RYzmY+yxLQEsq3N9F1xSzkIyunfw0lOrWLe9gK3vv8j/rt3D8KmXMDfKlqi6htrhMcRFwYjkBMLLyqgcnUCSAdFxMQSerKHKIV8RERGx8hiM+KLbNK03hFqgywJgARMCHOcU7Wc51tr38uyZdloYTnSYfSLvJIwMhqYWKgMCCAkyCAky6G5spZ4RjBnVP6039fMlP9rPcrzvoT2cbDpLJ0FEnMMk/kRdMy3DYrnhklSuGBvNtNEhhLc2kV/RxEkcO3DwdBuxZN/wHX72+G959NeP8atfP8YjN07DMMIJtU1qfREbGw2nq6my6xdL2Soeuuf7vLDf7YrA8zLY7RgdEw311dgumAHQUnWCJmKIGW2fEqCFUzVNfS/P1FLb0k5waIR9Iq/4VG5rDVV2t0HUnjhJJ2GEn0N7rTy3w9t+9tc4MIxqSstOE5IxjhSA9EzSgk5SdtDJmkMvjI6JhrpqTgYGEzxiBMEjRtBdc4LTRiyxsbZEDTWcbIshNg6SxsRz6vguTrbFEx8DY+JGU19T5eTGeREREWGwg5FzZ2IC5/J9HRhgYIzO4NEvL+SZnn/XpBBHAEGBjqk98y0/E0v/l1gwMM+hHa0V5fy+oJaWqDiW5U7ie9fM4Y+3zOPeyeEE2T8ZaBCZpsHEZd9g2fQg9r/6N5584g888cQfeOLfB/q3ywcBAdYhZV9jwwCLxcQcoqBqKNoRGBQIpnVc9jJNTAIJHDAOLFjsEhrGHpbffy+Pv11jn8grPpVrWhzGn+31OXez+3b40s/+GAc9DpUdpjMmk6woiMvKIOLsIQ5VOqbyTmBQIEbKNTxgC7x+9evH+NW3Lye23/GooqY2nNjRkSQlhnGiahcnTo4mMWkUY2JCOFGt6yIiIiKuXCTBiIGB2W8i5K1ui4lZX8nv/72TR+z+/fLNvbx20jG1Z4Odn7cMo4u9JYf45dpC7nxuE19fWcAfDnUxdW46lzqscvOGxewGw+h3gM0RSUzLyWFcdE9HpzF1UgTtu15n+QfFHCg9SGnpQQ6daj3n6aLFYgH6l+uMxbRekupXjhFAABYsjjNbjwa/Hd1d1v7rXz8Dgy663K1WdMG74zH45Q4u7/vZ23EwFLr2H+KYmUzGuDAyMxLpLD9EmWMiL3V3dWNWreevPYGX7d+f/vS/vHfUmsYwGjhxsp3o2JnEx5+kurKN6pOtxCdOIza2jhNVrpeBiYiIfNL5Y64AI8JIsZtgh40cQSidNJy1T2TV2W0OmMTZqz7TBsOhqeY0e2qa2FPTREljF0aASbfPk9rBz6+HaQHc/CacmJHGV2ZEEW2aGAa0tbWyvbyRM0YIo89h+dqp+noIiSfBbmlZUOal3HTj1UzrXXXTQWcnMCyot39N0yAjLcllPbu6uiAgwOX+uroGiEgg0e52CWPs53nod7/i5ol922rr6yE8gaSRfdviExMYZqmjrrZvWw/35fraDhPTtF5BcL4fTtXVQ3QCCXZ/+CI0MZ5R1FHn+wUPL4/H4Jdr5bm93vG+n70dB1be18+IXcCXv/09/t8XZjHK1RXD5gMcOhlIatoi0tMCOHpo/zn/IcVTdfUQAs2lByi1BV8Hq88SEGDBYreUrvrEKaISpxI/vIbqeqiqOcnolGmMDj9BTbV9jiIiImLP49O0IqKjmBYbQmJECKkJsUyLsHCisYvwiBASQw0az3TSGRjOJdOjaa84yrbGICZPTCK27jgbak0yM1OZbqllTYX1JpGYpCQWRwQQHhdKmBnAmDFjuGX2GKJOV/N8ie0pVHZajFA+NT6W2MAO2oJGkBgRQmIw1DZ30m0YNJ2BqVNTyYs1sBDEmNExLMsdzxfSLBTuaaCWnqdpeVc/r/LrfZpWKxt313Oqp84RMVw3dgSH9lex1+4pQIYBgTFjWJwaQkhbF6GjQkmJDGZYayuNtscFDxuTzO1z40kPstA9bBiJ0ZFcMSOZycNO82ZhLZU+rv3qqIfU3MXMnRyN0TWc6Iw5XHPNQsbUr2P1GwdpwgCa6YrNJnfuZNKGdWGGJzAxdxmLxgczKtzCofUbKbe7yR6gLTCVvPlTiBl2lrbhkcTFxTFmpElD/VkshsHZhiDG5S4me1IkAd0jiEqbzWevu5Tk1u288moJ9banabXVB5CZu5jZEyMwu4IZM/lyrr9iEt07Xmb1jpMD1ti7K7ebsz61wzC6CUxawIKpsQS3dDAiNoGEhBiGnTlBU6c13Zn6QCYsupQ5mSFYCGPM+DyWfWYOwaVv8M/84w5P00rk5Pb32Ovm7+94dzy8Lzdq4hIWJNWy3e7pXK6eRuZNe71rh/fjxdtxgLf1s4lf9GVunJtMVMooGjZs4YjDfgDDaMZIzOOSyUmEjTpDySvvDHw6W/IUJqSOYUxcHMnjZjBxdBenaloJjYtjTGQgZ2rP0GUYnKkLYMKSTzEnfTgWI5yYjBlc9YVbuXqmye4P99BgO26t4eP5VF4W4ad28kZ+GWdGpLPosslEnNnPBx/sp+kcgyEREZGPO4/ByOz52XwrewwLxsYxPTIIIzCEyWPjWDA2jvmJFor3NFDnazAS2cCLOy3kzUllSWoYlroanlt/lP1OJhaWM2c4YoYxf2Iil40fQ27mGObHdLLhwGnOGgZm+xl21HSTnDaGxRPGMDchFLO+hn98eJhdPfn5EIx4lZ+PwQhAXW0zAdGjWTQpnoWZccxNj8SsPM4O2ySppfY0lUFhzMyMZ/G4eOYljyKyrZ61G8v5oNnFL8BuGB2V7DvYRETWLObMn8eMzBg6D3/IyuVvctj2R+0NA+oPlXI6YixT58xjzrRMIluKeGWbyZxp4ZQ5CUYstRVUksKMvEvIWzCfOdlzmZV0lm2bSmkxDIzWI+wpayEqcybZ8+cxY9xoLMfzWf3cGvbZtcNoP8beQy3EjJ/N3AVzmZI0nBOFL/Pc6iIanQRe7sptPYd2NBypJCB1JvMX5jEvezYzZozH3N83ETfPVrC3rIO4yXOYt2AuU5NHcnrvGyx/cROn7P7ejHeTeO+OBz6U60swghft9aYdvowXb8dBD4/1s2mzRDJ5ejLG0c28tamcZhfXUhqHp7NkwVjCm3fx5it2fWQz5XP3c9vV85mdPYeJ8cEYQaMZnz2H2dlzmDXOZI/tkdNmSwV7yjpImDaP+TnzmZEVh3l8C6v/sYb9djfnm2YC2ZdNJvjAB7xecgraYpn66ZnEHs7n5cLjmApGREREnPL4Rw8H27i5c/lxZh2PrCxjr76gRUREREQ+sVzdijG0HG/QFRERERGRTxz/BCMiIiIiIvKJd8GXaYmIiIiIiKArIyIiIiIi4i8KRkRERERExC8UjIiIiIiIiF8oGBEREREREb9QMCIiIiIiIn6hYERERERERPxCwYiIiIiIiPiFghEREREREfELBSMiIiIiIuIXCkZERERERMQvFIyIiIiIiIhfKBgRERERERG/UDAiIiIiIiJ+oWBERERERET8QsGIiIiIiIj4hYIRERERERFh2LBhhISEOG4eUgpGREREREQ+4ebPm8+f/vQUTz31DNdee53j7iFjTJk203TcaG/ixElMnTqdoMDA3m1d3d1s2LCOEydq+qUVEREREZGPlpycXO64405Wr36JU6dO8V//dTurV6/i9dfXOiYddIFxY+IfdNzYY/6CBXz3nvsIDQsjOjqa2NGjiR09moyxGVxxxZXs3bOHxsZGx7eJiIiIiMhHQG5OHnfccSfLVzzHG2+8zvHjx6iqquJrX/tPGhrrOVJR4fiWQeX2ysi9932P1pZWVq9e1W97QEAAt95yK5lZmTz66K8oKyvrt19ERERERC5uebl53H7HN9mwYQPPPPN0v31XXHEVN998M7ff/g06Ozv67RtMbu8ZCQsN5cyZJsfNWCwWnl++nAMHDvLggz/juedWDPj3zF/+xje/eRfDhw9zfLucI3PsV3lq7Wv8aInL+FFERERExKO83Dy+cfs3KSouZuHCS5g7d16//V2dnYBBQIDRb/tgc3tl5Cc/eYjDhw/z9ttvO+4CwDAMMjIyMIyBlQwJDeW665ax7sMPWbXqRcfdIiIiIiLiB7l5C7n9G3fw3HP/4N133+azV1/NjV+8mSee+APbt29j/rz53HnX/+vdP5Tc3jNy6aVLaGxsdLsMq6Ghwem/kydPEh4WRkZGBhs2rHN8m4iIiIiIXGCOgQhAaWkpHZ3t3Pa1rxMeHs5NN93CypUrePvtNx3fPujcLtM6X93d3QQF9T2FS0RERERE/CNv4cBApMcbr7/OlvzNXHXVp3nhhZW8+eYb/fYPlSENRrxhmmP56p+f5qtLrPdDvPba66z981fJNMfy1T/bXq99mq+Ota4mW/LD13jqK2P757Hkh6z981cZ251hzWvsEn5ky+u11153eY9Fzz0Yjul66+QiH0/77fnaPtzWawk/WvtDlpim0zo45iMiIiIigi0Q+cZ/3cFz/3h2QCCC7e+MLMjJZcWK5fz736877h4ygxKMdHZ1Ut9Qx8mT1dTUVPX+W778Hzz55BOOyZ1I4oYvwqPXXM3VV/8/VvN5fvfa9+DRq7nmmqv59iq44b6vkWmavL9pC0kLFpFp9gUGX/viArb98/8oCzCsef0+j43XWN979WP5zLvnRyyxpbd32SXWMp2n85SPp/32vG8fHutlr38dHPMREREREekXiLz3juNu5s1fwJ13/T9WrlxxQQMRBiMY6ezqpL6ulpDES0lc/GtSr/xz77+kS3+LGX8NRuBwx7cNsO2f/0eZYWAY5WzYUglbX+Dv5dYb4w9tyKcyOZlUgPdXsJrPc8tltjdmLmIBq1jxvl1ej/+MD2w31Rsf/JzHty5gYU96Ox88+3fKem6+f38T2xz2e8rH0357XrfPi3rZs6+DYz4iIiIi8sk2bdoMvvFfd/CPf/zdZSBy1513s3Lligu2NMveeQcjZ840MSr9ChJy76e95QzNp0p7/51trCRy/A3Ez73H8W0OKjl2xHGbnbIjVNr+2zOZn5dnnfVnXZIDW9b3Td5d5JWUmum4qd9yqNdfv5f+DzTzlI+n/facp+1l1z481sueQ74O+YiIiIjIJ9u4cVmUlh7kvffeddzF/AU53HXn3axYsdwvgQiDEYx0dXYwMu1T1B16j8qi/6Om5KXef9W7VlJZ9H+MSr/c8W3n5dDfX2Db/DyWmEu45fPHePHvrp/2ZZpjSUuCyqP905hLfshrv0/mxZ7lUN96ye1E3lU+PTzt95av9RIRERERccdisThuYv6CHO785l2sWLGct976t+PuC+a8gxGLxSRg+Ei6O5oddwHQ3XGWgGHhjpvPi2F8wMatC7jxqZuYt3VT7zIlq6R+901kffV73JC8hY3v91xxsLvJ2+69l93yeZLscnGXj6f9A8rxldt6iYiIiIicuwW9gcjzfg1E8BSMnG1pYeTIUY6bLwrvr1gFybDa/mYRACpZ/U+4z/Ykqt99/hiPX9N3X0Wv91ewOum7vU+sWrjpMYd7Mzzl42n/OfJYLxERERER76WlpXP//T/k/vt/yAMP/Ihv9gYiQ/93RDxx+xfY5y9YwF13/j+OHT9OZ0eH424AHnzwR6Re+WeaT5VSU/KS427C46aQedlP2PdcjuOuQWeaY/naU9+DR7/Re3P4ufCUj6f9IiIiIiIXg0mTJjNp0qR+244eO0bB9ovj5263V0a2btnCww//nOKiIvbv2+f0HwDdHRiBwxzfDoAREITZ3em4WUREREREhti+fXv5179W9/t3sQQieApGAPbv38eqVS/ywosrnP4DaDlZTFTaJUQkzyM8bkrvv5HxM4ibfD0tJ3c6ZisiIiIiIp9wbpdpecsIHM6Yed8lIu1yAoaF9W43LV20nNxB9eaf03n2RL/3iIiIiIjIJ9ugBCMiIiIiIiK+8rhMS0REREREZCgoGBEREREREb9QMCIiIiIiIn6hYERERERERPxCwYiIiIiIiPiFghEREREREfELBSMiIiIiIuIXCkZERERERMQvFIyIiIiIiIhfKBgRERERERG/UDAiIiIiIiJ+oWBERERERET8QsGIiIiIiIj4hYIRERERERHxCwUjIiIiIiLiF/8fjXwpQL83AnoAAAAASUVORK5CYII=\"></p>',NULL,57,'2025-11-29 12:14:23',1,1),(7,'111','111',NULL,5,'2025-11-30 02:40:14',2,1);
/*!40000 ALTER TABLE `post` ENABLE KEYS */;
UNLOCK TABLES;

--
-- Table structure for table `trip_days`
--

DROP TABLE IF EXISTS `trip_days`;
/*!40101 SET @saved_cs_client     = @@character_set_client */;
/*!50503 SET character_set_client = utf8mb4 */;
CREATE TABLE `trip_days` (
  `day_id` int NOT NULL AUTO_INCREMENT,
  `day_index` int NOT NULL COMMENT 'N일차 (1, 2, 3...)',
  `trip_date` date DEFAULT NULL,
  `trip_id` int DEFAULT NULL,
  PRIMARY KEY (`day_id`),
  UNIQUE KEY `trip_days_trip_id_day_index` (`trip_id`,`day_index`),
  CONSTRAINT `trip_days_ibfk_1` FOREIGN KEY (`trip_id`) REFERENCES `trips` (`trip_id`) ON DELETE CASCADE ON UPDATE CASCADE
) ENGINE=InnoDB AUTO_INCREMENT=8 DEFAULT CHARSET=utf8mb4 COLLATE=utf8mb4_0900_ai_ci;
/*!40101 SET character_set_client = @saved_cs_client */;

--
-- Dumping data for table `trip_days`
--

LOCK TABLES `trip_days` WRITE;
/*!40000 ALTER TABLE `trip_days` DISABLE KEYS */;
INSERT INTO `trip_days` VALUES (1,1,NULL,1),(2,2,NULL,1),(3,1,NULL,2),(4,2,NULL,2),(5,1,NULL,3),(6,1,NULL,4),(7,2,NULL,4);
/*!40000 ALTER TABLE `trip_days` ENABLE KEYS */;
UNLOCK TABLES;

--
-- Table structure for table `trips`
--

DROP TABLE IF EXISTS `trips`;
/*!40101 SET @saved_cs_client     = @@character_set_client */;
/*!50503 SET character_set_client = utf8mb4 */;
CREATE TABLE `trips` (
  `trip_id` int NOT NULL AUTO_INCREMENT,
  `title` varchar(255) NOT NULL,
  `view_count` int DEFAULT '0',
  `start_date` date NOT NULL,
  `end_date` date NOT NULL,
  `created_at` datetime NOT NULL,
  `updated_at` datetime NOT NULL,
  `user_id` int DEFAULT NULL,
  `image_url` varchar(255) DEFAULT NULL,
  PRIMARY KEY (`trip_id`),
  KEY `user_id` (`user_id`),
  CONSTRAINT `trips_ibfk_1` FOREIGN KEY (`user_id`) REFERENCES `user` (`user_id`) ON DELETE CASCADE ON UPDATE CASCADE
) ENGINE=InnoDB AUTO_INCREMENT=5 DEFAULT CHARSET=utf8mb4 COLLATE=utf8mb4_0900_ai_ci;
/*!40101 SET character_set_client = @saved_cs_client */;

--
-- Dumping data for table `trips`
--

LOCK TABLES `trips` WRITE;
/*!40000 ALTER TABLE `trips` DISABLE KEYS */;
INSERT INTO `trips` VALUES (1,'11',20,'2025-11-29','2025-11-30','2025-11-29 11:23:09','2025-11-30 08:57:14',1,NULL),(2,'12',7,'2025-11-30','2025-12-25','2025-11-30 04:33:40','2025-11-30 08:57:10',2,'/uploads/ì¤í¬ë¦°ì· 2025-10-21 1642071764477220626.png'),(3,'111',7,'2025-10-25','2025-10-26','2025-11-30 04:50:18','2025-11-30 08:57:12',2,NULL),(4,'11',6,'1111-11-11','1111-11-12','2025-11-30 05:05:54','2025-11-30 09:14:14',2,NULL);
/*!40000 ALTER TABLE `trips` ENABLE KEYS */;
UNLOCK TABLES;

--
-- Table structure for table `user`
--

DROP TABLE IF EXISTS `user`;
/*!40101 SET @saved_cs_client     = @@character_set_client */;
/*!50503 SET character_set_client = utf8mb4 */;
CREATE TABLE `user` (
  `user_id` int NOT NULL AUTO_INCREMENT,
  `username` varchar(255) NOT NULL,
  `password` varchar(255) NOT NULL,
  `nickname` varchar(255) NOT NULL,
  `email` varchar(255) NOT NULL,
  `role` enum('USER','ADMIN') NOT NULL DEFAULT 'USER',
  `status` enum('ACTIVE','SUSPENDED') NOT NULL DEFAULT 'ACTIVE',
  `created_at` datetime DEFAULT NULL,
  PRIMARY KEY (`user_id`),
  UNIQUE KEY `username` (`username`),
  UNIQUE KEY `nickname` (`nickname`),
  UNIQUE KEY `email` (`email`)
) ENGINE=InnoDB AUTO_INCREMENT=5 DEFAULT CHARSET=utf8mb4 COLLATE=utf8mb4_0900_ai_ci;
/*!40101 SET character_set_client = @saved_cs_client */;

--
-- Dumping data for table `user`
--

LOCK TABLES `user` WRITE;
/*!40000 ALTER TABLE `user` DISABLE KEYS */;
INSERT INTO `user` VALUES (1,'admin','$2b$10$ibq9vAZU5ylhX6vObleJVOoUTBEFhkNa7KDnD9chBUIXOxcyB6lYi','관리자','admin@gmail.com','ADMIN','ACTIVE','2025-11-29 09:15:12'),(2,'111','$2b$10$gvSzQpiQNeZiV60.IIQcEeTqi7/aATIqlineEX/D8WIyTZqMUtosW','111','111','USER','ACTIVE','2025-11-29 12:20:45'),(3,'222','$2b$10$nc3hgIGv.P3aK3a6Uj2EXeb6uocQOmh/mv6PpRIXjjlQXbs0a.iK2','user','222@naver.com','USER','ACTIVE','2025-11-30 09:36:35'),(4,'333','$2b$10$JCaLvLL4D1.PiAuYA.1SNOL.f1VK8NfSfZN92Uvk7NGyKxBUp.4uO','333','333@example.com','USER','ACTIVE','2025-11-30 11:51:34');
/*!40000 ALTER TABLE `user` ENABLE KEYS */;
UNLOCK TABLES;

--
-- Dumping routines for database 'travel_db'
--
/*!40103 SET TIME_ZONE=@OLD_TIME_ZONE */;

/*!40101 SET SQL_MODE=@OLD_SQL_MODE */;
/*!40014 SET FOREIGN_KEY_CHECKS=@OLD_FOREIGN_KEY_CHECKS */;
/*!40014 SET UNIQUE_CHECKS=@OLD_UNIQUE_CHECKS */;
/*!40101 SET CHARACTER_SET_CLIENT=@OLD_CHARACTER_SET_CLIENT */;
/*!40101 SET CHARACTER_SET_RESULTS=@OLD_CHARACTER_SET_RESULTS */;
/*!40101 SET COLLATION_CONNECTION=@OLD_COLLATION_CONNECTION */;
/*!40111 SET SQL_NOTES=@OLD_SQL_NOTES */;

-- Dump completed on 2025-11-30 21:34:08
